file	status	count	byteOffsets	text
areas.bytes	REVIEW	1	16516	Pretty mansions of stone and glass rise above the verdant gardens, while below, machines whirr and groan. A persistent sound of hammering pounds through the air.\s\s
areas.bytes	REVIEW	1	22015	The head offices of a lumber concern that imports bronzewood from the Reach.
bargains.bytes	REVIEW	1	8566	\"Chorister-nectar! Going cheap!\"
bargains.bytes	REVIEW	1	4582	\"Crockery for sale! Nearly new! Cups! Saucers! Gravy boats!\"
bargains.bytes	REVIEW	1	19295	\"Fresh from the gardens of the Reach! -\s
bargains.bytes	REVIEW	1	18313	\"Fresh from the gardens of the Reach!\" This green-thumbed captain buys crops for a pittance from the region's scattered farmsteads, then sells the yield at larger ports.
bargains.bytes	REVIEW	1	20417	\"Fresh hours! Get your fresh hours here!\"
bargains.bytes	REVIEW	1	124380	\"Grandmother doesn't want these ones...
bargains.bytes	REVIEW	1	123119	\"Grandmother doesn't want these ones.\" One of the Widows, a cadaverous woman, holds a knot of sorrow-spiders in her arms. They have been woven intricately together: a braid of jointed legs and faceted eyes. She thrusts it towards you. \"You may purchase them.\"
bargains.bytes	REVIEW	1	10910	\"Tea for sale! Buy tea! Everyone likes tea! Please?\"
bargains.bytes	REVIEW	1	101099	\"Wordsworth? Keats? Whitman? Amateurs!\" The Snivelling Spirifer wipes his nose. \"Friends, here are the souls of true poets, who learned pentameter in Pan and alliteration in Achlys! Perfect for budding writers! An unparalleled conversation-starter! A paperweight! A doorstep!\" You can't verify whether they come from poets, of course, but the souls seem to be of very high quality indeed.
bargains.bytes	REVIEW	1	45289	A Bashful Showman is selling tall panes of coloured glass. \"We had to dismantle the Maze of Mirrors,\" he explains. \"Following a number of... well, 'disappearances' is a very strong word, isn't it? Anyway, as long as you keep them away from silver, they should be entirely safe.\"\r\n
bargains.bytes	REVIEW	1	46346	A Bashful Showman is selling tall panes of coloured glass...
bargains.bytes	REVIEW	1	19413	A Buoyant Broker sells barrels full of geode-like hours.\"'Dug fresh from the shapely flanks of the Mother of Mountains by rugged but well-mannered prospectors!\" He cries. \"Put 'em to your ears, m'dears, and hear 'em call.\"
bargains.bytes	REVIEW	1	95060	A drunken expedition of partygoers has returned from the furthest corridors of the house with salvaged curtains and tapestries. They are keen to find a buyer:  steps like this have to be taken if Langley House's wine-cellars are to be kept stocked.
bargains.bytes	REVIEW	1	96009	A drunken expedition of partygoers has returned from the furthest corridors of the house with salvaged curtains and tapestries...
bargains.bytes	REVIEW	1	97343	A Dubious Fence has an offer for you: several casks of Navaratine gemstones for an exceptional price. This must have been a month's work for a whole gang of burglars.
bargains.bytes	REVIEW	1	98374	A Dubious Fence has an offer for you: several casks of Navaratine gemstones for an exceptional price...
bargains.bytes	REVIEW	1	78867	A fellow skyfarer in urgent need of money for repairs offers sparkling Navaratine Gemstones looted from the Curator that damaged his locomotive.
bargains.bytes	REVIEW	1	79776	A fellow skyfarer in urgent need of money for repairs offers sparkling Navaratine Gemstones looted from the Curator that damaged his locomotive...
bargains.bytes	REVIEW	1	113917	A gloomy spirit sells folds of black cloth...
bargains.bytes	REVIEW	1	124458	A many-legged spirit paws at your arm and pulls you towards a trove of hours it has piled in a ditch. These are hours shed by spirits intending to pass through Death's Door. Their quality is as good as any dug from a sky-rock, or from the Mother of Mountains.
bargains.bytes	REVIEW	1	125414	A many-legged spirit paws at your arm and pulls you towards a trove of hours it has piled in a ditch...
bargains.bytes	REVIEW	1	102396	A Poetical Prospector is selling barrels of hours to an interested crowd of Bohemians. \"Hours of melancholy, hours of wonder! Hours of optimism and tragedy! Buy a barrel, and spin yourself a day of your choosing! Inspiration is only an hour away!\" Yes – you're not sure it quite works like that, but the price is a good one.
bargains.bytes	REVIEW	1	103520	A Poetical Prospector is selling barrels of hours to an interested crowd of Bohemians...
bargains.bytes	REVIEW	1	47596	A prominent and tedious poet offers copies of his latest epic to 'the right sort of person'. At 10,000 lines, it is a sequel to Spencer's 'Faerie Queen', depicting Her Enduring Majesty as a second Gloriana. There are few reviews – no one has thus far managed to remain conscious to the end.
bargains.bytes	REVIEW	1	48643	A prominent and tedious poet offers copies of his latest epic to 'the right sort of person'...
bargains.bytes	REVIEW	1	82132	A Ragged Revolutionary shows you three crates of mixed munitions, some of which look distressingly home-made. He is selling them cheaply; today, he needs money more than murder.
bargains.bytes	REVIEW	1	82989	A Ragged Revolutionary shows you three crates of mixed munitions, some of which look distressingly home-made...
bargains.bytes	REVIEW	1	55974	A recent by-law pushed through by the Restorationists' Committee has outlawed the drinking of tea in Parliament, on the grounds that it is 'an undemocratic and imperialist beverage'. Port has been recommended instead. The law will no doubt be overturned soon, but for now it creates an opportunity.
bargains.bytes	REVIEW	1	56828	A recent by-law pushed through by the Restorationists' Committee has outlawed the drinking of tea in Parliament, on the grounds that it is 'an undemocratic and imperialist beverage'...
bargains.bytes	REVIEW	1	79979	A scrap merchant is selling off plating from a wrecked locomotive. A plaque on one of the larger plates reads GUINEVERE. \"Her lights failed,\" the scrap merchant explains. \"So she crashed. One of Eleutheria's little tricks.\"
bargains.bytes	REVIEW	1	80912	A scrap merchant is selling off plating from a wrecked locomotive...
bargains.bytes	REVIEW	1	96180	A 'spirifer' is an unlicensed trader in souls. It is not a popular profession. Recently, a spirifer was the victim of a fatal case of seller's regret. He left behind an impressive stash, which his associates are now trying to dispose of quickly.
bargains.bytes	REVIEW	1	97252	A 'spirifer' is an unlicensed trader in souls...
bargains.bytes	REVIEW	1	114005	A theologian who travelled here from London is selling his bibles, his prayer-books, and his hymnals. Having witnessed the afterlife firsthand, he has come to regard them as works of naive fiction.
bargains.bytes	REVIEW	1	114957	A theologian who travelled here from London is selling his bibles, his prayer-books, and his hymnals...
bargains.bytes	REVIEW	1	116363	A visiting London aristocrat has become besotted with the scale and splendour and sequence of the Blue Kingdom. He sees no point in delaying his return here as one of the dead, and is selling his pension of hours in order to accelerate his end.
bargains.bytes	REVIEW	1	117405	A visiting London aristocrat has become besotted with the scale and splendour and sequence of the Blue Kingdom...
bargains.bytes	REVIEW	1	99718	An Aristocratic Celestozoologist captures and studies the creatures of the High Wilderness. Now, he is selling some of his menagerie to fund his next hunting expedition. This time, he intents to hunt Grievers and Undeparted in Eleutheria.\s
bargains.bytes	REVIEW	1	100959	An Aristocratic Celestozoologist captures and studies the creatures of the High Wilderness...
bargains.bytes	REVIEW	1	98515	An Experimental Horticulturist is selling a mountain of seeds. Yes, she is very pleased with how well they turned out. No, she will not tell you what she treats her crops with\r\n
bargains.bytes	REVIEW	1	99606	An Experimental Horticulturist is selling a mountain of seeds...
bargains.bytes	REVIEW	1	668	bloo bloo bloo bloo bloo bloo bloo bloo bloo bloo bloo bloo bloo bloo bloo bloo bloo bloo bloo bloo bloo bloo bloo bloo bloo bloo bloo bloo bloo bloo bloo bloo bloo bloo bloo bloo bloo bloo bloo bloo ...
bargains.bytes	REVIEW	1	21	bloo bloo bloo bloo bloo bloo bloo bloo bloo bloo bloo bloo bloo bloo bloo bloo bloo bloo bloo bloo bloo bloo bloo bloo bloo bloo bloo bloo bloo bloo bloo bloo bloo bloo bloo bloo bloo bloo bloo bloo bloo bloo bloo bloo bloo bloo bloo bloo bloo bloo bloo bloo bloo bloo bloo bloo bloo bloo bloo bloo bloo bloo bloo bloo bloo bloo bloo bloo bloo bloo bloo bloo bloo bloo bloo bloo bloo bloo bloo bloo bloo bloo bloo bloo bloo bloo bloo bloo bloo
bargains.bytes	REVIEW	1	93960	Deep in the Achlean marsh lies a garden of beauty and poison. Braver traders visit it to gather seeds for the market. Those that cannot be turned into spice or incense, they sell at cost.
bargains.bytes	REVIEW	1	94960	Deep in the Achlean marsh lies a garden of beauty and poison...
bargains.bytes	REVIEW	1	58051	Engineers are clearing out a wing of Portsmouth House to make room for an exciting new experiment. While doing so, they unearthed a trove of Lord Rochester's poetry, written during his race around Pan. It substitutes volume for elegance, but readers are hungry for glimpses of the wild and unlikely wastes of Eleutheria.
bargains.bytes	REVIEW	1	59025	Engineers are clearing out a wing of Portsmouth House to make room for an exciting new experiment...
bargains.bytes	REVIEW	1	43920	He has been ejected from his choir following what the papers are only calling 'a recent Incident'. He will have no need of his nectar now, nor of its beneficial effects on his vocal range. If you give him the slightest chance, he will recount the details of his recent scandal bitterly, his melodious voice contrasting vividly with his profane language.
bargains.bytes	REVIEW	1	45112	He has been ejected from his choir following what the papers are only calling 'a recent Incident'...
bargains.bytes	REVIEW	1	117566	He moves in stuttering starts, like a rabbit who knows a dog is about. Some call him a grave-robber, but he prefers 'archaeologist'. He's in no hurry, he professes, none at all, to shift these gemstones. Of <i>course</i> they're from a legitimate source: he plundered the vault himself.
bargains.bytes	REVIEW	1	118717	He moves in stuttering starts, like a rabbit who knows a dog is about...
bargains.bytes	REVIEW	1	32616	Is it tea?
bargains.bytes	REVIEW	1	42636	Ravenscourt & Stamford make a healthy profit selling academic robes for graduation ceremonies. They insist that only light-drinking bombazine cloth is acceptable at such occasions. Bombazine is splendid but expensive, so there's a bustling second-hand market in used robes among impoverished scholars. One such secret market is taking place now.\s
bargains.bytes	REVIEW	1	43783	Ravenscourt & Stamford make a healthy profit selling academic robes for graduation ceremonies...
bargains.bytes	REVIEW	1	54966	Sable-liveried footmen are cutting up vast rolls of midnight fabric for sale. These are the cast offs from the Macabre Counsellor's latest tableaux, rejected for being insufficiently direful.
bargains.bytes	REVIEW	1	55857	Sable-liveried footmen are cutting up vast rolls of midnight fabric for sale...
bargains.bytes	REVIEW	1	120303	Some say that Navaratine gemstones are cooled sparks that once fell from the Forge of Souls during its heyday. The shades that watch over the Forge occasionally find a new trove of them glimmering among the mounds of ash and slag. One of the spirits, a Scorched Servitor, furtively sells handfuls of the gems in the shadow of the port's gate. It does not say what it wants with London currency.
bargains.bytes	REVIEW	1	121461	Some say that Navaratine gemstones are cooled sparks that once fell from the Forge of Souls during its heyday...
bargains.bytes	REVIEW	1	57068	The Acting Senior Probiter has raided the backrooms for unused consignments of Hours. \"The last thing anybody wants,\" he says, \"is to spend even more time here.\"
bargains.bytes	REVIEW	1	57926	The Acting Senior Probiter has raided the backrooms for unused consignments of Hours...
bargains.bytes	REVIEW	1	52603	The Dazzled Sequencer sells buckets full of armaments retrieved from Azimuth. \"Terrible hazard, all these instruments of lethality lying about the place. And most untidy. Keen to get them off the sun. Very keen.\"
bargains.bytes	REVIEW	1	53495	The Dazzled Sequencer sells buckets full of armaments retrieved from Azimuth...
bargains.bytes	REVIEW	1	125560	The Devil is pleased to have done great work at the Home Bureau. \"See what one can accomplish when one sees idleness as potential, London's detritus as opportunity, not waste, and tedium as the crucible of perfection.\" He offers a selection of scrupulously refined souls.
bargains.bytes	REVIEW	1	51401	The Governor has discovered a secret stash of hours that had been squirrelled away by a gang of refinery workers. He has seen fit to sell them on the open market, in order to raise funds for 'programmes to improve the moral character of inmates.'
bargains.bytes	REVIEW	1	52445	The Governor has discovered a secret stash of hours that had been squirrelled away by a gang of refinery workers...
bargains.bytes	REVIEW	1	48800	The hawker smiles a little too brightly. \"No hurry. Got all the time in the world, me.\" His eyes dart nervously about the station, as though anticipating the inclement hand of the law upon his shoulder at any minute. \"Brabazon's finest here!\"
bargains.bytes	REVIEW	1	49840	The hawker smiles a little too brightly...
bargains.bytes	REVIEW	1	49936	The Jolly Collector is doing the rounds. What's he got this time? A pilfered collection of silverware? The complete set of commemorative plates from the Captivating Princess' latest wedding? No. Instead he seems to have branched out into taxidermy. No, wait – that one moved. Zoology, then. Where'd did he get these specimens? His eyes sparkle as he taps the side of his nose.
bargains.bytes	REVIEW	1	51316	The Jolly Collector is doing the rounds...
bargains.bytes	REVIEW	1	77564	The mirror-waters of Eleutheria are smooth on the surface, but often turbulent and dangerous below. A Scarred Fisherman offers some of his more unusual catches for sale, advising customers of a nervous disposition not to peek into the cages.
bargains.bytes	REVIEW	1	78706	The mirror-waters of Eleutheria are smooth on the surface, but often turbulent and dangerous below...
bargains.bytes	REVIEW	1	93839	The prisoners of Piranesi cannot leave until they have become someone else...
bargains.bytes	REVIEW	1	75736	The Tacketies are on the run, and independence for the Reach – once discussed openly on the streets of New Winchester – is now only whispered of in dingy back rooms...
bargains.bytes	REVIEW	1	77244	The Winchester War – the endless scuffles between London-loving Stovepipes and rebellious Tacketies – is locked in a stalemate...
bargains.bytes	REVIEW	1	115102	This glassmaker came to the Blue Kingdom in order to capture the gold of its sun and the blue awe of its sky. But he has looked too long and too closely. The light sears his eyes; his vision fades. But still he makes pane after pane, spending the last of his sight in attempts to trap the things he has seen in prisons of glass.
bargains.bytes	REVIEW	1	116207	This glassmaker came to the Blue Kingdom in order to capture the gold of its sun and the blue awe of its sky...
bargains.bytes	REVIEW	1	81040	Various loners have tried to establish homesteads in Eleutheria. Almost all fail. A Muttering Scavenger seeks out these abandoned homes and strips them of planks of bronzewood, which he sells to skyfarers like yourself – skyfarers with ready cash and limited scruples.
bargains.bytes	REVIEW	1	82020	Various loners have tried to establish homesteads in Eleutheria...
bargains.bytes	REVIEW	1	28057	What a lot of tea...
bargains.bytes	REVIEW	1	118849	While excavating ice to build their homes at the well's edge, the Psalmists unearthed a number of large, sinuous creatures frozen within it. The beasts thaw slowly. Still trapped, this one flicks a lazy eyelid. For a fee, you may take the monsters off the Psalmists hands.
bargains.bytes	REVIEW	1	120124	While excavating ice to build their homes at the well's edge, the Psalmists unearthed a number of large, sinuous creatures frozen within it...
bargains.bytes	REVIEW	1	4694	Wooden Discs
bargains.bytes	SINGLE	1	58044	Airy
bargains.bytes	TEST	2	4657,4971	Another bargain for testing
bargains.bytes	SINGLE	2	30690,39957	Avon
bargains.bytes	INTERNAL	1	2218	Barry Hemans
bargains.bytes	SINGLE	1	51390	Brabazon
bargains.bytes	SINGLE	2	29394,75960	Circus
bargains.bytes	INTERNAL	1	52588	ClockworkSun
bargains.bytes	SINGLE	2	86947,90599	Empyrean
bargains.bytes	INTERNAL	104	1460,2800,4032,4708,5667,6833,7978,9246,10392,11614,12774,14122,15359,16515,17681,18835,19891,20918,22009,23093,24206,25254,26418,27641,28739,30052,31142,32301,33286,34335,35560,36745,37989,39382,40660,41976,43240,44525,45820,46960,48134,49298,50670,51903,53080,54295,55415,56512,57485,58617,60044,61203,62326,63665,64926,66345,67491,68735,69917,70912,72253,73554,75073,76622,78161,79260,80437,81545,82574,83720,84886,86269,87544,88737,90024,91168,92277,93362,94500,95566,96674,97758,99045,100313,101736,102978,104241,105517,107141,108348,109634,110956,112217,113475,114448,115681,116863,118101,119477,120946,122491,123734,124973,126080	FailbetterJames
bargains.bytes	INTERNAL	1	85512	HouseOfRodsAndChains
bargains.bytes	TEST	1	3415	Just another bargain
bargains.bytes	SINGLE	1	95050	Langley
bargains.bytes	SINGLE	2	8,28134	Magdalenes
bargains.bytes	INTERNAL	1	31807	NatureReserve
bargains.bytes	SINGLE	1	55961	Parliament
bargains.bytes	TEST	6	1980,2515,4650,18277,77403,106247	Reuse
bargains.bytes	TEST	2	2522,3387	Run of the mill bargareeno
bargains.bytes	SINGLE	2	15987,38716	Rural
bargains.bytes	TEST	1	2496	TestAnother
bargains.bytes	TEST	1	873	TestBargain\s
bargains.bytes	TEST	1	5000	Testsome Bargains
bargains.bytes	INTERNAL	1	35017	TraitorsWood
bargains.bytes	SINGLE	2	893,17113	Urban
bargains.bytes	SINGLE	2	14802,37335	Wild
bargains.bytes	SINGLE	1	59151	Worlebury
exchanges.bytes	REVIEW	1	94783	A beguilingly luxuriant engine-yard: where chassis gleam like starlight and both engines and engineers are coiffed, polished and meticulously upholstered. (If your locomotive has suffered more than 10 damage, its sale value will be reduced by 500 sovereigns.)
exchanges.bytes	REVIEW	1	7721	A brisk, efficient shop at the station. So brisk, in fact, and so efficient, that it's almost as if they want to get rid of visitors as quickly as possible.\s
exchanges.bytes	REVIEW	1	36905	A bustling, family-run concern that supplies skyfarers, and trades in hours bought from local prospectors.\s
exchanges.bytes	REVIEW	1	49706	A busy market, arched with glass and steel.
exchanges.bytes	REVIEW	1	57025	A champion of the light.
exchanges.bytes	REVIEW	1	57147	A cheerful signboard lists the goods on offer: Her Majesty's Finest Coal and Her Majesty's Finest Stained-Glass Sun-Proof Windows. No comestibles, though. Nothing edible grows here.
exchanges.bytes	REVIEW	1	96295	A desperate attempt by London's Embassy to supplement funds. The Ambassador's smile is manic as she invites visiting captains to peruse the Embassy's wares.
exchanges.bytes	REVIEW	1	103947	A front for a more successful smuggling concern, the Wit & Vinegar Lumber Company has interests across Albion and the Reach. Its chief contraband is illicit literature, largely secured from malcontents in the University's English Department.\s
exchanges.bytes	REVIEW	1	6576	A little shack which the researchers of Leadbeater & Stainrod use to declutter their cabins and barter for their necessaries.
exchanges.bytes	REVIEW	1	28733	A little shop by the station which is eager to provide provisions for departing captains. The shopkeep is amassing a fine collection of china saucers.
exchanges.bytes	REVIEW	1	100664	A market for the cast-offs of the prisoners held in the Well. The Graven who run the stalls regard you with alternately bafflement and contempt.
exchanges.bytes	REVIEW	1	101580	A masked, silent trio of spirits trade in souls here. Their motivations are obscure and they are forbidden from passing on. Their eye for quality, however, is impeccable.
exchanges.bytes	REVIEW	1	21750	A notorious graveyard for unwanted, unloved or blasted-out-of-the-sky engines. Occasionally there are gems among the scrap. (If your locomotive is damaged its sale value will be reduced to cover repairs.)
exchanges.bytes	REVIEW	1	100498	A palace of statues and spiders; a fortress on the edge of a well. Here, souls are judged and prisoners are held.
exchanges.bytes	REVIEW	1	39333	A perfumed glass-house near the station offers travelers all they might need on departure from the House of Small Comfort.
exchanges.bytes	REVIEW	1	99573	A place that once had great purpose; no longer.
exchanges.bytes	REVIEW	1	55029	A precarious shop sells the finest crockery in Albion, made from authentic Brabazon china. And at a rear door, captains can also purchase fuel mined among the dismal, stygian roots of the workworld.
exchanges.bytes	REVIEW	1	89	A quaint little shop on Petal Fall, that promotes friendly relationships with visiting captains. The proprietor does a thriving trade in Nectar to supplement her income.
exchanges.bytes	REVIEW	2	22430,44177	A splendid engine; a product of visionary engineering.
exchanges.bytes	REVIEW	1	8550	A thriving market beneath the soaring bridges.
exchanges.bytes	REVIEW	1	30479	A well-stocked provisioners, crammed with high shelves. If you can find the right corner, you can also find displays of the riches unearthed from the local ruins.
exchanges.bytes	REVIEW	1	2027	All That Remains
exchanges.bytes	REVIEW	1	74184	All the fury of heaven at your back.
exchanges.bytes	REVIEW	1	5776	An austere shop near the station. Designed to operate as efficiently as possible, so that captains may free up space at the station as swiftly as they can.
exchanges.bytes	REVIEW	1	40103	An elderly attendant with a gleam in her eye manages the upkeep of Magdalene's. Hers is a continual battle against the encroachment of the Reach.
exchanges.bytes	REVIEW	1	40890	An elderly proprietor with a steely gleam in her eye runs this trading post. She deals in engine supplies from the jumbled shop floor, and in unwanted souls in a smoky back room.\s
exchanges.bytes	REVIEW	2	44910,73944	An engine of considerable ferocity.
exchanges.bytes	REVIEW	2	22917,73475	An engine that'll get the job done.
exchanges.bytes	REVIEW	1	44669	An engine that'll get the job done.\s
exchanges.bytes	REVIEW	1	77420	Answerable to the Cypress King, these engineers work for all Pan's factions. They wear the emblem of the panpipes to proclaim their neutrality and in the hope that it might encourage the occasional free lunch.
exchanges.bytes	REVIEW	1	40053	Beatrice's Beatifications
exchanges.bytes	REVIEW	1	40846	Beatrice's Exchange
exchanges.bytes	REVIEW	1	4219	Below the petals of Titania, hidden in the perfumed mists, lies the lair of the Midnight Rose: a coterie of bohemians that smuggle red honey to distant ports.
exchanges.bytes	REVIEW	1	83782	Between the monastery and Murgatroyd, the tea trade here is firmly locked down. Sensing an opportunity, some Khanate merchants have started up an alternative trade.
exchanges.bytes	REVIEW	1	53652	Black Rod's Boutique
exchanges.bytes	REVIEW	1	15550	Captains pay a small fee for the Port Authorities' services in winnowing out the chaff. Only suitable skyfarers are allowed to sign-on.
exchanges.bytes	REVIEW	1	77374	Daedalian Engineering
exchanges.bytes	REVIEW	1	41742	Fair Nance runs a comfortable if inefficient hostelry. She's always on the lookout for fresh ingredients, in exchange for some of her specialties.\s
exchanges.bytes	REVIEW	2	23157,73715	Fast as Hell's chargers.
exchanges.bytes	REVIEW	1	37657	Fullbright's Necessaries\s
exchanges.bytes	REVIEW	1	28055	Gremory's tiny shop sells comestibles and several reliable vintages of chorister-nectar. It's said he retrieves a tithe of it from the nearest hive; devils have always got on with bees.
exchanges.bytes	REVIEW	1	3485	Here, a captain can stock up on the essentials. There's never any shortage of chorister nectar, either.
exchanges.bytes	REVIEW	1	27365	Here, Carillon offers for purchase immaculate souls, willingly divested by refined patients. The Bursary is also happy to receive lesser souls into its care.
exchanges.bytes	REVIEW	1	56465	Illuminated Engineering
exchanges.bytes	REVIEW	1	57772	Juxta-Mare Market
exchanges.bytes	REVIEW	2	5645,5684	Leadbeater & Stainrod Nature Reserve
exchanges.bytes	REVIEW	1	54989	Little Niceties
exchanges.bytes	REVIEW	1	17452	Locomotive plating, improvements and refurbishments. An estimable choice.
exchanges.bytes	REVIEW	1	45011	Maintained by the Ministry, this yard for engine improvements and enhancements is a cut above.
exchanges.bytes	REVIEW	1	83738	Midnight Lumberyard
exchanges.bytes	REVIEW	1	16035	Mme. Lumière has established herself in a spacious garret over a vine bridge. When not upsetting her fellow citizens, she's on the look-out for curiosities captains might have acquired in their travels.
exchanges.bytes	REVIEW	1	38464	Nelson's Emporium
exchanges.bytes	REVIEW	1	99675	One of the first Londoners to cross the Avid Horizon; the Venturer skulks by the Forge, collecting shards of Navaratine. He parts, reluctantly, with the least of these.
exchanges.bytes	REVIEW	1	82268	One rubbery merchant accepts sovereigns instead of amber. Unfortunately, all they sell – apart from crabby, curdled meat and fuels piped from the gargantuan carcass' innermost organs – are writhing horrors. They do at least supply cages.\s
exchanges.bytes	REVIEW	1	53697	Operating from a forgotten, cupboard-sized office, the once-esteemed official known as Black Rod now sells sandwiches from the parliamentary canteen. In addition, in order to raise funds, he can also be persuaded to part with exhibits from Parliament's extensive collections of crockery.
exchanges.bytes	REVIEW	1	84609	Pay the checking fee and you can take whichever coat you like. It's unlikely anyone will mind. Provisions are also available, should, for some reason, you wish to leave.
exchanges.bytes	REVIEW	1	94740	Pilgrim's Progress
exchanges.bytes	REVIEW	2	33989,34044	Polmear and Plenty's Inconceivable Circus
exchanges.bytes	REVIEW	1	29713	Port Avon is rich in lush greenery. They are proud of their allotments and lawns and are keen to share the fruits of their labour.
exchanges.bytes	REVIEW	1	87109	Portsmouth Engine Yard
exchanges.bytes	REVIEW	1	33298	Ravenscourt & Stamford
exchanges.bytes	REVIEW	1	31285	Ravenscourt & Stamford Outpost
exchanges.bytes	REVIEW	1	43506	Scrupulously regulated, the Crown & Misery Company takes pride in the engines it manufactures. Well, most of them. (If your locomotive is damaged its sale value will be reduced to cover repairs.)
exchanges.bytes	REVIEW	1	30441	Sharma & Sons
exchanges.bytes	REVIEW	1	7677	Skyfarer's Supplies
exchanges.bytes	REVIEW	1	44961	St Dominic's Augmentations
exchanges.bytes	REVIEW	1	35678	Sweet Jane's Supplies
exchanges.bytes	REVIEW	1	36856	Sweet Jane's Trading Post
exchanges.bytes	REVIEW	1	38506	The adjoining shop to the famous cafe. The staff are renowned for their discretion, taste, and confidence in their complete superiority.
exchanges.bytes	REVIEW	1	91341	The Ambassador's sister is entrusted with the provisioning of armaments and equipment to visiting captains. There was, apparently, no one better suited to the task.
exchanges.bytes	REVIEW	1	34094	The Big Top Shop
exchanges.bytes	REVIEW	1	55688	The Blue Heaven Arsenal
exchanges.bytes	REVIEW	1	41706	The Brendan
exchanges.bytes	REVIEW	1	27320	The Bursary of Souls
exchanges.bytes	REVIEW	1	58562	The Butler's Discretion
exchanges.bytes	REVIEW	1	81701	The Chaplains sell handfuls of Navaratine gemstones recovered from the prison's knotty depths. No food or fuel can be bought, though: there's barely enough to keep the chaplains fed, and they have no interest in making it easier to leave. This is a prison, after all.
exchanges.bytes	REVIEW	1	32544	The Cheery Arboriculturalist is studying the flora of the forest. She's keen to observe the effects of introducing species from the Wood into new ecologies.
exchanges.bytes	REVIEW	1	34134	The Circus has to get by somehow.
exchanges.bytes	REVIEW	1	84571	The Cloakroom
exchanges.bytes	REVIEW	1	1144	The Construction Fund
exchanges.bytes	REVIEW	1	57106	The Decommissary
exchanges.bytes	REVIEW	1	33345	The distinguished official retailers of Summerset College have deigned to establish a small outpost here. They conduct their business with consistent and vigorous disdain, trading lumber and edible flora from the whispering glades.
exchanges.bytes	REVIEW	1	31340	The distinguished official retailers of Summerset College have deigned to open a small outpost on Traitor's Wood. They conduct their business with a hearty disdain for the customer.
exchanges.bytes	REVIEW	1	101461	The edge of eternity; the precipice of mortality; the final horizon.
exchanges.bytes	REVIEW	1	26489	The Emporium offers visitors all that they might need to leave Carillon, as well as a few winning examples from their stained glass collection.
exchanges.bytes	REVIEW	1	56513	The Empyrean engine yards produce one engine: the light, bright, sprightly Altani-Outrider. Available nowhere else, it is the pride of Empyrean technology and the finest weapon in the war against the Liberation of Night. (If your locomotive is damaged its sale value will be reduced to cover repairs.)
exchanges.bytes	REVIEW	1	55736	The Empyrean specialises in technology, electricity, and weaponry. Only the latter may be traded to those outside the Eagle Khan's military.
exchanges.bytes	REVIEW	1	58610	The Exasperated Butler sells copies of the gushing accounts of life at Perdurance – written by occupants and guests – which are so popular in London.
exchanges.bytes	REVIEW	1	91205	The gateway to the Blue Kingdom; held by London's Embassy and coveted by devils.
exchanges.bytes	REVIEW	1	102403	The Gentlemen are the skies' most notorious smugglers, an extensive gang unafraid of murder or the hangman. Their primary export is starshine: waters steeped in the far-travelled light of stars that once shone upon old earth.
exchanges.bytes	REVIEW	1	54420	The Hungry Traveller
exchanges.bytes	REVIEW	1	85515	The Inscribed Tinkerer
exchanges.bytes	REVIEW	1	85561	The Inscribed Tinkerer is delighted to make her unique designs available to discerning friends.
exchanges.bytes	REVIEW	1	91293	The Last Autumnal Slope
exchanges.bytes	REVIEW	1	35724	The little accountancy firm on Lustrum buys fuel and Hours from desperate miners. It buys in food and illicit weaponry to provide for their needs in return.
exchanges.bytes	REVIEW	1	29670	The Little Orchard
exchanges.bytes	REVIEW	1	1190	The Mayor's Office runs a small business buying up building and artistic materials from visitors for use in Titania's construction projects.
exchanges.bytes	REVIEW	1	4177	The Midnight Rose
exchanges.bytes	REVIEW	1	52808	The Most Serene Mausoleum
exchanges.bytes	REVIEW	1	39289	The Needful Emporium
exchanges.bytes	REVIEW	1	34954	The New Big Top Shop
exchanges.bytes	REVIEW	1	74236	The Night Market
exchanges.bytes	REVIEW	1	72761	The Nightingale Yard, the gleaming pride of Pan, endeavours to outdo all its rivals, whether mortal or stellar. Price should be the only barrier to quality craftsmanship. (If your locomotive has suffered more than 10 damage, its sale value will be reduced by 500 sovereigns.)
exchanges.bytes	REVIEW	1	28690	The Old Storehouse
exchanges.bytes	REVIEW	1	37706	The only shop permitted to sell supplies to skyfarers in Port Prosper.
exchanges.bytes	REVIEW	1	42721	The only things to buy at Hybras are edible mushrooms and seeds from the blotchy crops grown by the locals.\s
exchanges.bytes	REVIEW	1	32497	The Palewood Arboretum
exchanges.bytes	REVIEW	1	100619	The Rag–and–Bone
exchanges.bytes	REVIEW	1	6529	The Researcher's Friend
exchanges.bytes	REVIEW	1	85414	The Royal Society is delighted to put is considerable talents at the service of sky-captains.
exchanges.bytes	REVIEW	1	82227	The Rubbery Souk
exchanges.bytes	REVIEW	1	3442	The Sapphire'd Souk
exchanges.bytes	REVIEW	1	5729	The Skyfaring Supplier
exchanges.bytes	REVIEW	1	43	The Traveler's Return
exchanges.bytes	REVIEW	1	96260	The Turret
exchanges.bytes	REVIEW	1	99628	The Venturer's Request
exchanges.bytes	REVIEW	1	26442	The Visitor's Emporium
exchanges.bytes	REVIEW	1	90456	The Weary Quartermaster is willing to write off some of Portsmouth House's output, for a price.
exchanges.bytes	REVIEW	1	87155	The wheezing, smoking, frequently burning, always energetic engine yard for the eccentric engineers of Portsmouth House.
exchanges.bytes	REVIEW	1	83177	They sell two things: pre-human souls of exceptional quality and supplies: mostly blind, pale fish from the caves beneath Caduceus.
exchanges.bytes	REVIEW	1	74276	They'll take anything here; anything and everything.
exchanges.bytes	REVIEW	1	57813	This collection of eclectic stalls is patrolled by sharp-eyed surveyors – each bearing a burning-book badge on their lapel.\s
exchanges.bytes	REVIEW	1	52880	This is the most cheerless gift-shop in all of Albion. They do sell commemorative Prince-Consort windows at a reasonable price, though.\s
exchanges.bytes	REVIEW	1	54443	This little canteen has not seen much fresh stock in years; some of the tea has practically fossilised.\s
exchanges.bytes	REVIEW	1	2067	Titania's beleaguered citizens rummage through the ruins and sell off whatever they can find amidst the rubble.
exchanges.bytes	REVIEW	1	81652	Trade with the Chaplains
exchanges.bytes	REVIEW	1	83131	Trade with the Devils
exchanges.bytes	REVIEW	1	42676	Trade with the Locals
exchanges.bytes	REVIEW	1	101537	Trinity's Hoarding
exchanges.bytes	REVIEW	1	10369	Under the jurisdiction of the Assembly, this skyfaring shop provides the absolute bare minimum.
exchanges.bytes	REVIEW	1	72681	Where the pipes do call
exchanges.bytes	REVIEW	2	103896,103920	Wit & Vinegar
exchanges.bytes	REVIEW	1	34999	You can buy supplies here, as long as your crew are content with circus food: roasted nuts, skewers of meat and veg, sticky honey-cakes. It also acts as a mournful outlet for the Wit and Vinegar Company, a modest London lumber concern.
exchanges.bytes	SINGLE	1	83721	Achyls
exchanges.bytes	TEST	1	59017	An exchange purely for internal use, to facilitate combat design and testing.
exchanges.bytes	TEST	1	58987	Combat Arena
exchanges.bytes	TEST	1	71082	Combat Arena Engineyard
exchanges.bytes	TEST	1	59102	Combat Arena Equipment Store
exchanges.bytes	SINGLE	1	28021	Gremory's
exchanges.bytes	SINGLE	1	52844	Memorabilia
exchanges.bytes	SINGLE	1	90420	Requisitions
prospects.bytes	REVIEW	1	5725	\"A gentleman must prepare for his retirement,\" the Ringmaster says. \"I intend mine to be long and indolent.\" You join him at the fire to drink cups of chorister-nectar and watch the stars wheel.
prospects.bytes	REVIEW	1	96262	\"Ah, excellent.\" The staff quickly gathers up the crockery and carries it to the garden, where His Lordship's guests await with hunting rifles. \"Throw!\" calls one, aiming skyward. Shards of crockery rain down from on high.
prospects.bytes	REVIEW	1	58443	\"Ah, these are splendid!\" declares the Curator, looking at the Ministry-approved books. \"Yes, cozy, unchallenging and anodyne. These will be the rough in which we can hide our diamonds.\" He indicates another pile of books on his desk – entirely uncensored works.
prospects.bytes	REVIEW	1	71639	\"Careful with that, it's fragile!\" The Royal Society engineer turns to you. \"Beautiful craftsmanship, Captain. Can't wait to see the light burst through it.\"
prospects.bytes	REVIEW	1	77031	\"Jolly good!\" The Corporal shakes your hand. \"Damn shame the cantankeri don't fly near, what? Would make for good target practice!\" As an additional thank you, he hands over a small subsection of the permits he obtained to own and fire the cannons.
prospects.bytes	REVIEW	1	68758	\"Just in time!\" The storyteller flicks through your anecdotes, occasionally scribbling notes. \"This can't be true, right? And this? Amazing...\"
prospects.bytes	REVIEW	1	125396	\"Marvellous!\" The hawker rolls the barrels under his rattling, clanking hour-loom. Business is brisk. Many shades, it seems, want to make their final journey pass more quickly, or crave a few moments more to indulge their last regrets. The hawker rewards your efficiency with a generous tip.
prospects.bytes	REVIEW	1	88782	\"Not a moment too soon,\" says the junior diplomat deemed expendable enough to handle such a flagrantly illegal transaction. \"The fellow who handles smuggling is getting nosy. If he found out about this before we slipped them to him...\" He shudders.
prospects.bytes	REVIEW	1	205744	\"Oh yes,\" the Devil's expression would have done much for Caravaggio's career had he ever seen it. \"This will really lift the spirits here. And the roof.\"
prospects.bytes	REVIEW	1	733	A fuel filled ending!
prospects.bytes	REVIEW	1	160423	A Prim Dowager lingers, out-of-place, near the platform. As soon as she sees you she hurries forward brandishing an umbrella. \r\n\r\n\"Ah, Captain. No, you need not explain your presence here; I can see at a glance that your character is above reproach. I am here to stop the most awful smuggling to <b>Port Prosper</b>. \r\n\r\n\"Why, they say that anyone with, oh, say <b>seven Trunks of Illicit Literature</b> could just swan along there and sell their smut and scandal for a startling and entirely inappropriate sum. Shocking. I must insist you tell the ruffians here to cease this appallingly profitable trade, at once!\" Her gaze is level; her expression carefully arranged. \r\n\r\n[dir:6c1c3a55-b424-4bec-a969-31023ace58e7].
prospects.bytes	REVIEW	1	176845	A stoic crew of ex-prospectors meet you at the station. You help them transport the starshine to a tangled knot of caves that burrows into the mountain. In each little cave a lamp hangs, spilling the glow of old, familiar stars. Limed in the faint light, miners sit and muse, or weep.
prospects.bytes	REVIEW	1	187903	An envelope reaches you. Inside is a simple note, offering the opportunity to provide <b>nine Firkins of Red Honey</b> to a specific platform at the <b>Most Serene Mausoleum</b>. It is marked with a stamp: a mark of the Duchess Incarnadine, one of the Deathless courtiers who served Her Majesty and were permitted to retire with an eternity of hours. [dir:358df020-9a27-47c3-8a80-6f1c836898df].
prospects.bytes	REVIEW	1	179859	An undermanager of the Windward Company has sent word to the Gentlemen of Pan that their branch in <b>Port Prosper</b> has use for starshine, but nobody seems willing to sell the <b>five Hogsheads</b> they require. At least, not openly. [dir:6c1c3a55-b424-4bec-a969-31023ace58e7].
prospects.bytes	REVIEW	1	185113	Another smuggler has been caught while attempting to complete a prospect. Even now, they take the stand before a judge renowned for his lack of mercy. In the meantime, their opportunity could be yours. Time is now of the essence. <b>Nine Firkins of Red Honey</b> must be delivered to <b>Worlebury-juxta-Mare</b> within <b>two months</b> of you accepting the prospect. [dir:359b836b-864d-4587-8527-e2d2c360fdeb].
prospects.bytes	REVIEW	1	192243	Now you've proven yourself a competent smuggler, the Gentlemen can offer more challenging and more rewarding prospects. They keep many of the details secret, but you deduce that one of the Deathless courtiers at the <b>Most Serene Mausoleum</b> operates a pipeline of contraband into London. They require <b>nine Hogsheads of Starshine</b>, and they need them within two months from the day you accept the prospect. [dir:358df020-9a27-47c3-8a80-6f1c836898df].
prospects.bytes	REVIEW	1	183746	The client is attached to the London embassy. She avidly begins rummaging through the books. \"The Pages Collection contained works written during the heyday of the Khans; ones which might shed some truth on the Eagle's... unlikely account of his early family history. Your promptness is appreciated; I have a lot of reading to do.\"
prospects.bytes	REVIEW	1	184627	The collector thumbs through your delivery with a bored expression. \"You're late. I've already got most of these. I suppose there's a few that might still be worth a little...\"
prospects.bytes	REVIEW	1	186688	The delivery goes to plan and arrives on time. You carry the honey through the Worlebury mists to an isolated barn near the shore. An enterprising villain is establishing a honey den. The animals are gone, and their stalls have been draped with red velvet. It all still smells of straw.
prospects.bytes	REVIEW	1	204043	The Devil claps his hands with abject delight when he sees your troves of literature. \"London has consigned its workers to idleness and decay, leaving their minds free for all sorts of antediluvian notions.\"
prospects.bytes	REVIEW	1	202723	The Devil requests a body of literature on alternate theories of labour, the values of idleness, and the merits of treating every day as the Sabbath. <b>Seven Trunks of Illicit Literature</b> are requested. [dir:1b331350-d950-4c06-94e0-38dd736859d7].
prospects.bytes	REVIEW	1	207758	The Devil takes the Nectar greedily, spiriting it away into the Home Bureau, where detainees lounge in varying stages of inebriation. \"Their vocal chords won't know what's hit them.\"
prospects.bytes	REVIEW	1	189341	The Duchess' men unload the honey, and carry it onto a Necropolis Line engine idling at a nearby siding. The Necropolis Line carries London's dead for burial at the Mausoleum, and returns for more. A useful cover to allow the transport of contraband into the well-watched city. Apparently, the Duchess likes to keep busy in her dotage.\s
prospects.bytes	REVIEW	1	200166	The Ethereal Apiarist approaches you directly. \"There's little point going to anyone but the best for this. A client at Achlys requires an unusually large shipment of <b>Red Honey</b>:<b>thirteen Firkins!</b> A difficult prospect, to get so much past the Revenue Men. They'll no doubt have got wind something is afoot, and put some dreadnoughts on patrol.\"  She looks dreamily into the sky. \"I wonder who it is that needs it, and what for?\" [dir:9e91ea8e-3f0f-4a25-a400-2f451d91da81].
prospects.bytes	REVIEW	1	181936	The Gloomy Middleman has an opportunity for which someone has specifically requested you. A private collector in <b>the Eagle's Empyrean</b> seeks books from the notorious 'Pages Collection' of Old London, which was said to contain copies of works assumed to be mythical. \"I rarely read myself,\" the Middleman confides, \"on account of my deep mistrust of writers, whom I consider perfidious. The odds of finding something from the Pages Collection is vanishingly small, of course, but to an optimist any haystack might hide a needle. <b>Nine Trunks of Illicit Literature</b> should do in this case. Within <b>two months</b>, if you please.\" [dir:dad2e4cc-5983-41db-8e20-d07104e92666].
prospects.bytes	REVIEW	1	197639	The Gloomy Middleman insists on speaking in person. \"I consider politics to be the refuge of the incapable, but my employer has decided to dabble. His interests in the Reach align with those of the Tacketies, who have agents in place at Port Prosper. They need revolutionary materials to spread their dissent. Can you get <b>eleven Trunks of Illicit Literature</b> into the port? Be wary: the Revenue Men have got wind of the endeavour, and have sent dreadnoughts to prevent it.\" [dir:6c1c3a55-b424-4bec-a969-31023ace58e7].
prospects.bytes	REVIEW	1	196927	The honey is snapped up at a secret auction attended by the Empyrean's most ambitious criminal families. What better way to understand the madness of Londoners, than by taking a spoonful of honey and living it? One of the factions, clearly hoping to win your future goodwill, pays you with casks of shimmering gems.
prospects.bytes	REVIEW	1	201804	The mysterious customer is a successful tobacco trader, who insists on doing the handover deep in Achlys' poisoned marsh. In a grove of leaning trees, cowled men are constructing iron cages, while nearby a set of beehives drone, furiously. \"We'll have our own cage garden soon,\" the trader tells you. \"But first, we must create a market. You keep our little secret, and we'll help you keep yours.\" He swears a thief's oath to you, there amidst the dripping grove. You suspect he was not always a tobacco trader.
prospects.bytes	REVIEW	1	195235	Though the relationship between London and the Eagle's Empyrean is strained, each is haunted by the other. The people of each city crave news of the other: its politics, its fads, its follies. The latest Empyreal fascination is with London's vices. Criminal families at the <b>Empyrean</b> require <b>nine Firkins of Red Honey</b>. Several smugglers have attempted this prospect before, and failed. Her Majesty's Customs and Excise have retasked several enduring dreadnoughts to comb the skies. [dir:dad2e4cc-5983-41db-8e20-d07104e92666].
prospects.bytes	REVIEW	1	190083	Word has spread to the Gentlemen that Bohemian groups in <b>Port Prosper</b> are developing a taste for shinney. But few smugglers can afford the <b>nine Hogsheads</b> their coteries demand, even with the promise of an impressive payday. [dir:6c1c3a55-b424-4bec-a969-31023ace58e7].
prospects.bytes	REVIEW	1	193882	You deliver the shinney to a gloomy, pillared hall where corpses are prepared for burial. Silent servants transfer the starshine into coffins, marked with the stamp of the Necropolis Line.\s
prospects.bytes	REVIEW	1	194621	You deliver the shinney to a gloomy, pillared hall where corpses are prepared for burial. Unfortunately, you are late with your delivery, and the Deathless have made other arrangements. They reluctantly agree to take the shinny off your hands anyway, but for much less of a reward than you might have hoped for.
prospects.bytes	REVIEW	1	199278	You make the exchange in a gloomy alley behind a shabby tea-shop. Your contacts are hooded and jumpy: Prosper is firmly a Stovepipe port. The Tacketies plan to distribute the seditious tracts to a struggling local cell of sympathisers, and to any Company captains that might be willing to turn. The Blind Bruiser sends his regards, and recompense for your time.
prospects.bytes	REVIEW	1	191534	You make your delivery, bit by bit, to a draughty manor. Eager bohemians pour each new hogshead into the garden's ornamental pond. When it is full, they gather around and kneel at the edge, their faces silver with the far-travelled light of Old Earth's stars. You watch as each of them sinks into childhood memories.
prospects.bytes	REVIEW	1	187418	Your delay is not received happily. \"I had to make other arrangements. Expensive arrangements,\" the buyer growls. \"I can sell it, given time. But you'll not get our original price.\"
prospects.bytes	REVIEW	1	203871	Your Devil has requests for his enterprise at the Avid Horizon.
prospects.bytes	REVIEW	1	204568	Your Devil requests 'fireworks' for a display he's planning at the Avid Horizon. \"Safety,\" he informs you in his missive, \"is the province of the parochial and the literal-minded.\" <b>Three Crates of Carefully-Packed Munitions</b> are requested. [dir:1b331350-d950-4c06-94e0-38dd736859d7].
prospects.bytes	REVIEW	1	205581	Your Devil wants entertainments during his secondment.
prospects.bytes	REVIEW	1	181097	Your illicit delivery is just what the Indiscreet Undermanager wanted. \"It's not for us, you understand. In fact, we mean to give it away!\" He gives what he considers a cunning grin. \"The Tacketies' preposterous insurrection should be harder to sustain with a shinney-habit. Homesickness will take the fight out of them.\"
prospects.bytes	REVIEW	1	179042	Your instructions are to come alone with the shinney. You ignore them, and just as well. One member of the gang had got it into his head to improve their bottom line by bringing knives rather than payment. There is a short fracas, during which you convince them of the benefits of fair dealing. The gang bring your payment, and as a token of goodwill, your quartermaster only demands one finger from each of them.
prospects.bytes	TEST	1	876	[ALWAYS]Contraband Test
prospects.bytes	TEST	1	16	\"hello\" blah de blah blah de blah blah de blah blah de blah blah de blah blah de blah blah de blah blah de blah blah de blah blah de blah blah de blah blah de blah blah de blah blah de blah blah de blah blah de blah blah de blah blah de blah blah de blah blah de blah blah de blah blah de blah blah de blah blah de blah blah de blah blah de blah blah de blah
prospects.bytes	TEST	1	152181	Again, again, testing the new smuggling tech
prospects.bytes	TEST	1	151149	Again, testing the new smuggling tech
prospects.bytes	INTERNAL	25	148573,150643,151568,152592,153943,156209,159114,161508,163972,166968,169017,171336,174023,176159,178466,180521,182987,185891,188664,190746,193084,196140,198529,201017,203340	Chris Gardiner
prospects.bytes	INTERNAL	78	1674,3223,5148,6798,8690,10593,12437,14765,17146,19412,21002,22758,24596,26526,28238,30005,31969,33864,35616,38065,39843,41279,42915,44858,46646,48453,50357,52144,54003,55855,57793,59636,61529,63329,65208,66770,71094,72718,74440,76495,78158,80066,82425,84452,86251,88132,90155,91941,94025,95788,97843,99655,101518,103722,105928,107982,110206,112137,114098,115794,117518,118755,119913,121328,122538,124940,126838,128927,131071,133800,135723,137816,139953,142159,144149,146159,205157,207071	FailbetterJames
prospects.bytes	INTERNAL	2	68273,69365	Prim Cash
prospects.bytes	TEST	9	8,67948,69081,118458,121022,123852,150239,151142,152174	Reuse
prospects.bytes	TEST	1	150246	Testing the new smuggling tech
